Mean,Time
48.40656444,6010.952523
52.74357838,6011.026892
60.78644519,6011.060757
53.3220841,6011.101262
50.33567205,6011.15239
54.48090635,6011.170651
61.01057746,6011.196879
55.68663922,6011.288845
57.94724121,6011.322377
58.49938673,6011.329681
65.45108709,6011.351926
60.90270294,6011.370186
61.65780384,6011.394422
63.52013796,6011.404714
60.28192978,6011.455843
61.71979201,6011.466467
56.75907389,6011.482072
55.70581453,6011.48506
53.19076197,6011.546149
59.21769714,6011.565737
67.10143512,6011.589641
66.78957142,6011.604914
60.52241566,6011.727424
53.55707034,6011.834661
50.1706326,6011.888778
51.11206787,6011.897742
50.17127854,6011.904382
79.41352308,6011.992032
60.00548723,6012.246016
67.18076928,6012.2583
69.21129992,6012.341965
67.01234914,6012.361222
65.09882431,6012.383466
71.16647525,6012.447211
66.18413086,6012.538845
59.93162973,6012.542829
64.17657353,6012.561421
59.70705324,6012.592297
65.17860413,6012.752656
68.06794287,6012.808433
53.38367965,6012.835989
50.24283395,6012.862882
59.7345626,6012.948207
70.57033835,6012.954515
69.23363797,6012.999668
74.65053136,6013.057769
70.21920636,6013.069057
66.9651559,6013.077689
66.18413086,6013.091633
66.9861438,6013.098274
65.67835693,6013.104914
61.95730591,6013.112882
69.29722098,6013.123506
67.18698844,6013.135126
66.42153495,6013.328353
69.24934317,6013.333001
70.67640859,6013.350266
68.49624023,6013.396082
64.94980164,6013.398738
58.51623688,6013.406707
65.96655877,6013.422643
70.73791771,6013.452191
71.77172852,6013.4917
70.66818884,6013.498672
71.91955735,6013.542829
56.92124268,6013.552457
49.06296094,6013.555777
53.47053986,6013.564077
47.88089502,6013.580013
52.03450317,6013.596614
54.28640137,6013.620518
52.20767392,6013.630478
53.9010498,6013.65405
59.71343587,6013.658699
64.81771212,6013.661687
62.83824181,6013.86421
64.881763,6013.872842
64.75564525,6013.899402
62.46681708,6013.980412
65.08573294,6013.999668
62.72784407,6014.065405
65.16315865,6014.089641
54.56853376,6014.104914
51.61257473,6014.111886
62.81072538,6014.182935
61.72141975,6014.203187
62.5891737,6014.208831
63.04562302,6014.311753
61.90373872,6014.322377
69.7569378,6014.332005
69.48821945,6014.36089
59.51796769,6014.392762
54.31756951,6014.400398
61.08604229,6014.406042
63.59142569,6014.457171
64.30554199,6014.491368
65.01449006,6014.499668
66.09672185,6014.538513
68.30210479,6014.606574
62.36807997,6014.639442
56.85428106,6014.648406
62.4047213,6014.742696
68.09977276,6014.751328
68.81299922,6014.816069
65.01362549,6015.00166
67.439534,6015.01162
75.80910026,6015.016932
77.29771473,6015.064077
66.50008648,6015.078353
68.32420829,6015.097942
72.40907972,6015.104914
69.394247,6015.294157
66.5860405,6015.298805
63.07184184,6015.309429
66.33748505,6015.331673
64.61203633,6015.347942
68.33108956,6015.38911
72.07901317,6015.623838
69.87517835,6015.633466
70.25694195,6015.711819
69.56028117,6015.724436
67.39106824,6015.883466
64.68447103,6015.907039
61.61324201,6015.921979
68.91481176,6015.949867
69.9044275,6015.978752
55.1756742,6016.121846
50.03877619,6016.134794
53.66639607,6016.142098
53.70795877,6016.248008
54.95594971,6016.363546
53.29971491,6016.370186
62.51552183,6016.380478
66.88578392,6016.401062
67.99498215,6016.603254
66.77736945,6016.613878
67.45985527,6016.620186
68.53353232,6016.641434
66.60801758,6016.651726
65.73037939,6016.661687
56.71389217,6016.678287
69.06379607,6016.692563
65.49906141,6016.715471
64.22820031,6016.724436
56.87467936,6016.818725
59.78906957,6016.833665
63.76485911,6016.871514
61.85165233,6016.901062
66.93903457,6016.918659
61.9163623,6016.960159
55.52179314,6016.97012
64.49340088,6016.987052
69.24189551,6016.990372
68.80589774,6016.998672
69.35187282,6017.021912
65.12209267,6017.034529
67.55060778,6017.089641
67.73627982,6017.184263
70.38796609,6017.230412
66.82036235,6017.24502
64.1054556,6017.268924
69.68049138,6017.277556
70.53997977,6017.291169
63.65044434,6017.298141
63.88416844,6017.412683
67.65232031,6017.527224
60.44326838,6017.543825
63.51711869,6017.547477
59.18415091,6017.611554
58.36011789,6017.639442
57.43897579,6017.64409
64.69451528,6017.653718
65.36809226,6017.697875
62.96885376,6017.703519
62.58738985,6017.728752
63.58300781,6017.770916
67.03052804,6017.774568
55.55643999,6017.802457
55.35799544,6017.835989
57.69435425,6017.860226
59.2556747,6017.86421
63.88902229,6017.949535
59.61452291,6017.972112
57.35973801,6018.007304
59.46456299,6018.027556
62.78397001,6018.030876
67.9970348,6018.047809
69.78131888,6018.051461
69.99990782,6018.060757
67.0804921,6018.145086
60.45578957,6018.167995
55.71641693,6018.189243
62.6047716,6018.210491
63.36726521,6018.312749
62.90282908,6018.336321
70.07111982,6018.355578
60.2448999,6018.375166
63.32075467,6018.381806
60.5128944,6018.408699
61.15973933,6018.445219
61.92768201,6018.449535
59.78192927,6018.515936
53.35989662,6018.542165
48.20320632,6018.686587
47.62594993,6018.780876
49.50391323,6018.791833
51.85643181,6018.794157
52.04975667,6018.825365
60.25935059,6018.855246
62.76062127,6018.858566
68.98125168,6018.935923
68.20256505,6018.964807
69.32887486,6018.9751
57.39329834,6018.982072
49.61751964,6018.992032
49.39411197,6019.096946
53.45307861,6019.142762
57.18733457,6019.146082
56.66113037,6019.165339
57.63272633,6019.171979
62.78377385,6019.183267
65.53686066,6019.226428
64.83330609,6019.242364
70.00435324,6019.265272
74.31665446,6019.333001
67.69446037,6019.338977
67.14815633,6019.369854
67.42067037,6019.419323
62.44140381,6019.445551
57.89547757,6019.448871
51.10665995,6019.471116
54.95583592,6019.525232
64.17441542,6019.567397
67.10747324,6019.603254
68.89461043,6019.654382
70.25870754,6019.666667
70.16993135,6019.703851
72.54243164,6019.726096
62.50554701,6019.739708
57.43296688,6020.083997
62.33749651,6020.095286
70.41963742,6020.116202
71.07684688,6020.159031
69.91533732,6020.212815
73.49284198,6020.284861
68.51309937,6020.36255
63.11906481,6020.38247
60.54208135,6020.395086
66.19339412,6020.402722
67.64872717,6020.428619
61.31030939,6020.465471
58.6422105,6020.469124
62.26799561,6020.583997
70.24456942,6020.587317
61.52312855,6020.658035
70.26049402,6020.676295
70.98818034,6020.706507
70.46115786,6020.721448
70.23525665,6020.747012
61.87223334,6020.815073
70.17676379,6020.825365
70.83725098,6020.872842
70.28068071,6020.879482
61.62206559,6020.967131
59.19361267,6020.998008
58.52879311,6021.00332
66.40593205,6021.030544
64.1879531,6021.059097
60.99693756,6021.092961
56.08760406,6021.108898
59.17554932,6021.12915
61.45481623,6021.13247
65.66069499,6021.143426
61.82828195,6021.158367
55.64991094,6021.160691
56.12821259,6021.219124
55.61992059,6021.26826
56.0742103,6021.287185
56.4465933,6021.304449
56.9784803,6021.308765
63.74636337,6021.368194
65.59124767,6021.37583
65.98984945,6021.411355
68.48707639,6021.441235
69.81431774,6021.509296
69.33211311,6021.520252
62.26209807,6021.537185
63.80834051,6021.676295
61.21531889,6021.754648
63.58300781,6021.758964
61.25776145,6021.762616
63.69291442,6021.766268
66.81097808,6021.789841
65.49224964,6021.814409
67.30302665,6021.825365
68.10835346,6021.860226
67.19567871,6021.866534
70.79701574,6021.885458
63.42405029,6021.90239
52.89592448,6021.90571
46.1491392,6021.920651
51.02087907,6021.988712
51.10934528,6021.99834
60.67480774,6022.021248
60.29999313,6022.037185
66.28262879,6022.047809
68.63233662,6022.121846
68.91419847,6022.184595
70.08183818,6022.206175
67.02455219,6022.242364
63.66328939,6022.267596
61.40577148,6022.270584
61.84892578,6022.385126
69.25156168,6022.399402
69.07378347,6022.438911
64.38057439,6022.637118
64.54939728,6022.688911
62.68261907,6022.747344
60.33038966,6022.75166
64.27888539,6022.830677
55.29660184,6022.864874
57.4270166,6022.912351
58.38654199,6022.923971
66.87470039,6022.940571
63.66971191,6023.012616
60.04259033,6023.015936
58.32821378,6023.018592
60.83341884,6023.022244
60.81412396,6023.094954
50.06462639,6023.152722
51.92474679,6023.163015
53.42417725,6023.197875
62.59072754,6023.201195
66.65960496,6023.206175
65.79075114,6023.216467
68.31172868,6023.2583
69.66504553,6023.317065
57.93710038,6023.328353
60.56150124,6023.347278
61.53551485,6023.35093
66.72362305,6023.376494
71.57092785,6023.381474
71.08488787,6023.409031
57.33746615,6023.593625
58.34376797,6023.63745
58.33231434,6023.720452
61.26576802,6023.777888
62.10422119,6023.833997
68.27888284,6023.843958
61.60568757,6023.968792
64.74472943,6024.022244
68.98756348,6024.039177
69.26131615,6024.047477
58.35366669,6024.118526
58.56440582,6024.150398
58.47469116,6024.182271
54.03838509,6024.195551
55.29554077,6024.329349
53.9819206,6024.335989
61.00211572,6024.444555
67.21822588,6024.527556
69.60068534,6024.574369
66.46600839,6024.583665
62.57145996,6024.664343
59.47488491,6024.667663
58.98338597,6024.672311
54.88299987,6024.703519
54.75150807,6024.758632
54.96817721,6024.799137
54.84235128,6024.816401
58.3208946,6024.86421
65.8596028,6024.933931
71.28361654,6025.012284
73.36343862,6025.057105
63.70062966,6025.176959
58.64816689,6025.219788
64.44348034,6025.255312
69.71652018,6025.262616
69.33257355,6025.27158
55.67062474,6025.324701
52.36402255,6025.343625
63.81167797,6025.358234
65.58826317,6025.388446
67.47297561,6025.415339
67.96156494,6025.427623
67.9360288,6025.460823
56.63865153,6025.557769
55.2305127,6025.587649
56.74167955,6025.59429
51.32882813,6025.630146
55.83272282,6025.633466
62.71494914,6025.649734
62.98357205,6025.696879
65.35065639,6025.705843
68.58819913,6025.790173
69.76368561,6025.793825
69.09860557,6025.809761
69.63623861,6025.841301
67.3787207,6025.853254
68.74584295,6025.863214
57.65822754,6025.903386
53.92169364,6025.916003
60.32708817,6025.932271
63.17576127,6025.967795
60.65005425,6025.971448
59.936163,6025.980412
62.47258686,6026.029548
57.57982489,6026.035857
56.05833043,6026.067065
54.36553606,6026.071713
57.62661667,6026.090305
66.72032728,6026.10093
66.64256634,6026.113546
64.2710329,6026.152058
52.67243938,6026.174303
50.89122056,6026.253652
51.8779541,6026.286521
53.9010498,6026.295153
56.83726117,6026.298473
65.87584961,6026.321381
69.86905518,6026.326361
64.77796819,6026.342297
63.82385254,6026.39409
65.45531377,6026.397078
64.54078568,6026.404714
52.17754144,6026.490372
66.15064757,6026.503984
64.55205365,6026.531208
66.75011597,6026.536853
68.19022576,6026.568725
58.8297651,6026.574369
52.05370566,6026.592961
64.31934696,6026.666667
68.24128231,6026.882138
66.43826357,6026.934263
62.01923741,6026.943891
59.45252075,6026.981076
64.07766583,6026.98506
64.04946435,6027.02822
69.26465533,6027.144754
63.21665245,6027.277556
58.8405562,6027.301129
62.6340077,6027.315737
66.01526894,6027.337981
68.53597961,6027.36753
68.42312666,6027.433931
61.51728259,6027.489708
65.06455363,6027.556109
65.16384771,6027.590305
70.3944899,6027.782537
62.05508887,6027.831341
56.92967224,6027.856242
62.82535444,6027.86421
65.79258615,6027.947543
65.82621066,6028.017264
65.21919812,6028.13911
70.79068766,6028.149402
71.22207466,6028.179283
71.31022964,6028.227756
66.82166102,6028.283201
59.91542432,6028.311421
62.91492548,6028.328021
67.62919922,6028.35093
68.21419075,6028.35923
64.14321924,6028.386786
67.87004395,6028.411023
60.87562974,6028.473772
59.54484456,6028.48506
60.91548973,6028.508964
62.58751628,6028.521248
63.13075494,6028.530212
61.64661621,6028.566069
63.1133606,6028.572709
61.85390878,6028.579349
63.13411424,6028.588977
61.71202457,6028.604582
63.19198932,6028.61089
61.7353847,6028.622178
63.66971191,6028.631474
61.80588119,6028.634794
64.3395436,6028.650398
60.07681564,6028.656042
64.22526042,6028.662351
63.72751465,6028.677291
58.86084554,6028.698207
52.92507287,6028.728088
52.13256138,6028.749668
54.4089051,6028.812417
54.41714565,6028.893094
63.95497911,6028.946547
65.85615459,6028.964475
65.13349509,6029.061753
67.65604436,6029.102258
68.58053589,6029.35425
56.05824785,6029.358234
55.75888769,6029.399734
55.1745163,6029.591633
55.76210974,6029.602258
53.61203613,6029.826693
55.72922931,6029.832337
57.12466384,6029.932271
65.91698617,6029.936587
69.93698204,6030.048473
65.25286458,6030.159363
61.93785306,6030.168327
60.88413014,6030.176959
61.81940288,6030.188247
60.89518066,6030.25
62.64477593,6030.25664
68.99921725,6030.301793
62.88063738,6030.404714
64.84314784,6030.418991
61.88736602,6030.513944
63.66328939,6030.581341
65.27325069,6030.584329
63.89999055,6030.643426
64.75351318,6030.653718
63.82355335,6030.660359
65.56997681,6030.713811
66.84645386,6030.717795
63.78973287,6030.725764
64.38231125,6030.773572
63.73473999,6030.784197
52.87918004,6030.797477
49.49314804,6030.806773
48.71944754,6030.86089
54.47313851,6030.867862
64.55573293,6030.892098
65.51939941,6030.914343
64.74087639,6030.920983
65.90272281,6031.000332
64.67302674,6031.00664
52.64177595,6031.118526
52.30014074,6031.139442
46.8447294,6031.156375
51.81372884,6031.193559
52.08748901,6031.220452
51.67649457,6031.233732
52.81002319,6031.290173
51.81512504,6031.296813
50.54849121,6031.304449
51.72060221,6031.307769
52.21181472,6031.337649
51.98055396,6031.356906
51.62178289,6031.390106
53.00510742,6031.39741
51.89277532,6031.40405
50.84358938,6031.416999
51.60901082,6031.423307
60.75605083,6031.471116
60.96958631,6031.542497
55.4778744,6031.558101
58.82133134,6031.569389
64.55538531,6031.583001
61.27510366,6031.673639
67.79806114,6031.799137
65.69467222,6031.858234
66.70131322,6031.88911
65.76900213,6031.895418
56.33178594,6031.913679
55.17367334,6032.323373
56.38109956,6032.422975
61.1263916,6032.619522
63.40114547,6032.623174
68.25677176,6032.671979
70.14774693,6032.718459
72.06357565,6032.809097
68.40698601,6032.826029
66.51823418,6032.848606
66.464887,6033.066733
62.21575083,6033.078353
63.49630371,6033.086985
65.51725134,6033.090305
64.89962565,6033.139442
62.38531556,6033.148406
65.28308824,6033.187583
56.27667867,6033.198871
47.4694172,6033.229084
52.35069789,6033.251328
59.12465778,6033.274568
65.09000767,6033.35093
67.07447943,6033.376494
64.24519239,6033.397078
65.76131456,6033.483732
71.00741515,6033.492696
66.80449779,6033.525232
66.60394813,6033.577357
67.2920166,6033.61587
66.76636714,6033.626826
66.4617361,6033.661023
65.87103271,6033.673639
66.63513203,6033.679615
65.37730103,6033.720784
61.45461255,6033.724768
63.05188181,6033.810425
53.11658412,6033.848274
51.45757058,6033.85757
51.10478979,6033.861222
62.65028187,6033.906707
68.03644576,6033.910359
65.30146748,6033.917663
56.40119217,6033.929947
56.36706483,6033.957503
56.48109894,6033.99834
63.82074487,6034.030212
66.95483398,6034.040505
63.01926312,6034.044489
56.91504953,6034.101594
52.60048828,6034.103918
48.91802156,6034.109562
54.73766833,6034.158367
61.85337215,6034.164675
68.13573908,6034.186255
72.55100408,6034.280212
71.22486931,6034.358566
69.14475872,6034.386786
65.58971614,6034.400398
69.75355519,6034.432603
65.15878917,6034.523572
64.84947222,6034.596614
66.19655452,6034.773904
68.18262965,6034.847278
67.20417911,6034.925299
67.4982399,6034.953519
66.68555217,6034.964143
67.18191616,6034.9917
60.57878675,6035.005644
58.81203601,6035.024568
61.50324276,6035.088645
67.34288661,6035.105578
68.97758315,6035.141102
67.63316607,6035.187251
63.8623877,6035.271912
61.56958891,6035.296813
55.36464468,6035.371182
60.41906867,6035.38413
63.82231113,6035.415671
59.51482624,6035.457171
58.03068882,6035.472444
59.70244347,6035.496016
64.81687387,6035.539177
68.05991377,6035.547809
69.06113059,6035.582005
69.15133789,6035.611222
66.94382394,6035.661023
64.91059939,6035.672643
67.42831688,6035.718792
67.08237221,6035.853254
62.3189075,6035.88247
62.31217736,6036.025896
56.60026873,6036.164675
60.46365335,6036.210159
68.62629639,6036.267928
62.67150316,6036.271248
50.7363501,6036.284197
54.76809082,6036.287517
55.08201946,6036.290837
67.35996017,6036.300465
63.47963796,6036.363546
56.11942502,6036.409031
55.8858937,6036.421315
61.0396875,6036.432603
55.99145006,6036.435923
67.5484454,6036.484396
68.92131554,6036.495684
58.77123764,6036.546813
56.54107854,6036.562417
54.87694013,6036.571049
49.48432805,6036.596614
47.78531407,6036.648406
51.24042394,6036.666999
60.93973694,6036.683931
65.51193052,6036.699867
65.01647343,6036.729416
57.58597412,6036.7749
56.75609458,6036.780876
65.97825811,6037.047477
68.65519775,6037.09595
67.91098755,6037.15239
68.53468701,6037.159031
67.5703883,6037.195219
66.04400302,6037.280876
60.51492466,6037.302789
59.64977598,6037.383134
56.69401813,6037.430279
56.71486249,6037.449535
61.19520438,6037.49668
65.70051465,6037.503652
64.27664063,6037.528552
56.12925198,6037.531873
58.48331496,6037.552457
59.97721819,6037.573041
58.6471962,6037.580013
58.2403447,6037.601262
70.98410117,6037.636454
63.26658767,6037.648738
64.56294479,6037.667995
63.78944615,6037.678619
64.18619005,6037.706507
59.64285739,6037.796149
67.57460775,6037.842297
69.31683262,6037.887118
56.78142255,6037.90571
50.21797814,6037.930279
53.44983458,6037.956175
63.74481951,6037.972444
65.62497088,6038.185923
67.63909695,6038.297809
65.0937611,6038.322045
65.85121638,6038.333001
67.26332021,6038.35923
60.06123638,6038.374834
54.5707961,6038.395418
47.69132647,6038.540837
51.59342126,6038.564409
51.90966024,6038.607238
60.47611084,6038.764608
64.54057323,6038.767928
66.27786502,6038.825697
62.23121205,6038.887118
59.6934042,6039.069721
61.84531311,6039.276228
64.35808993,6039.289509
56.31743701,6039.300465
58.15367955,6039.391102
67.21802513,6039.409695
67.27692219,6039.474104
65.48709789,6039.546149
60.60823781,6039.551793
63.7116189,6039.658367
68.46746398,6039.691567
66.2473526,6039.844954
57.62932617,6039.855578
60.38133688,6039.876826
59.21078032,6039.90239
60.56281494,6040.063081
62.2480399,6040.066401
60.23384938,6040.122178
62.57382893,6040.127822
62.19762706,6040.148074
68.93100649,6040.224436
63.88120978,6040.532537
64.50889777,6040.589973
62.12315271,6040.663347
65.22075195,6040.734728
67.34536965,6040.743692
66.88980591,6040.891766
66.52883253,6040.931607
68.91943883,6040.999668
74.51633353,6041.032205
74.75338623,6041.079017
74.78110312,6041.125498
68.29012196,6041.166003
66.73325684,6041.208831
64.33888972,6041.212151
70.61890975,6041.216467
70.72405396,6041.389442
70.5171951,6041.393426
70.48445498,6041.438247
70.60883695,6041.563413
68.72745117,6041.614874
70.53282324,6041.619854
65.62215983,6041.644754
61.25369524,6041.653718
63.38504899,6041.695551
63.47045922,6041.849934
64.72765407,6041.884462
58.61558533,6041.909695
59.71174573,6041.920319
58.18676624,6041.926627
59.11205389,6041.950863
58.20453387,6041.961819
57.34753784,6041.975432
58.60001347,6041.982072
59.13970707,6042.030212
58.69164156,6042.072377
59.46235865,6042.122842
59.76014515,6042.220784
56.81341834,6042.235392
59.5551989,6042.239708
59.02970445,6042.333665
59.77310461,6042.369522
61.80268359,6042.39409
61.18293775,6042.410691
60.76795506,6042.433599
66.15282104,6042.594622
68.62443178,6042.634462
70.30072303,6042.655046
73.51929785,6042.680943
72.65708169,6042.689243
72.86979033,6042.729416
72.99435632,6042.88081
73.05465676,6042.951195
66.68596369,6042.98838
64.7723619,6043.00664
66.11935193,6043.083001
62.94075521,6043.150398
61.09238999,6043.156375
62.54086405,6043.162019
68.55574305,6043.263944
65.97872471,6043.275232
66.35968875,6043.321713
53.7771868,6043.361886
49.61727936,6043.366534
51.230928,6043.386122
51.36756826,6043.422975
53.85658616,6043.454183
58.76281404,6043.458499
66.41869268,6043.482736
71.86448215,6043.528552
69.7582666,6043.711487
69.23778847,6043.721448
65.35288512,6043.734064
57.5363543,6043.770252
62.56492858,6043.797809
63.45359871,6043.856574
65.1956018,6043.878818
63.99588449,6043.916335
65.19228849,6043.923307
67.09934082,6043.945219
64.31989698,6043.950199
51.50311213,6044.000332
52.67507245,6044.055113
52.38661816,6044.075697
59.42327532,6044.108898
60.40622639,6044.118194
60.38900158,6044.138446
60.40982878,6044.173971
59.51273193,6044.214143
58.43400108,6044.216135
62.48990353,6044.222444
55.14837197,6044.377158
58.82159903,6044.389774
68.15525481,6044.416003
66.96179172,6044.453851
69.27581659,6044.633134
68.29591021,6044.64575
66.32196815,6044.888114
64.72973948,6044.952855
64.67644287,6044.983732
64.37170175,6044.993692
62.09100561,6045.021248
69.24767578,6045.137782
67.21420523,6045.141102
66.53094727,6045.15405
63.95403888,6045.162351
68.13234043,6045.174635
68.22637807,6045.25664
67.48469238,6045.284197
63.13390323,6045.299801
69.00515561,6045.333665
73.91042969,6045.341301
64.72015506,6045.351262
63.92416313,6045.422311
70.36966814,6045.454515
52.56195312,6045.463811
53.60737462,6045.478752
57.72300647,6045.489044
50.15763463,6045.498672
55.76707286,6045.505644
67.12303891,6045.51328
64.46869487,6045.575365
67.8695369,6045.585657
71.56796961,6045.617198
71.62229276,6045.654714
71.59591187,6045.726096
69.86561454,6045.752656
71.71701234,6045.759628
71.8638778,6045.862218
67.35709592,6046.037849
68.00843409,6046.069057
74.10222298,6046.131806
73.90447425,6046.175299
67.87764957,6046.2666
73.94334513,6046.304449
67.46662903,6046.316401
52.75611103,6046.324369
48.98434922,6046.328685
52.6153095,6046.370186
61.99140871,6046.383134
61.95214495,6046.50166
70.04018169,6046.550465
66.48598958,6046.556773
62.03177117,6046.571713
64.52116738,6046.60425
67.65766269,6046.667663
69.74622437,6046.689575
71.35840789,6046.702855
71.07954206,6046.72344
58.09599825,6046.847278
50.8993217,6046.858566
56.9882413,6046.918327
64.23154753,6046.936587
61.04396659,6046.9917
62.20542891,6047.128486
51.24291046,6047.188911
50.96549665,6047.237716
61.15156168,6047.249336
69.48762434,6047.84595
69.48980226,6047.860226
69.97291946,6048.01494
69.55638904,6048.025564
71.22688422,6048.099602
72.81349415,6048.144422
72.85510351,6048.197875
63.98212193,6048.272908
64.25978149,6048.300797
60.28049793,6048.320717
66.44593221,6048.375166
68.22536075,6048.426295
65.02807617,6048.510956
68.14981974,6048.516268
65.24997292,6048.540505
60.17097764,6048.610558
59.57716095,6048.737052
64.11768311,6048.802457
65.55408105,6048.805777
70.49877848,6048.814077
60.22180714,6048.893426
57.05129883,6048.961155
61.33570126,6048.964475
63.18561401,6049.102922
63.97206468,6049.105578
67.98309351,6049.127158
60.19694991,6049.143426
54.46221802,6049.158035
58.16685894,6049.177955
61.55027832,6049.295485
66.97354424,6049.300465
63.84443382,6049.340637
61.21748151,6049.377158
61.21670837,6049.462483
61.49534523,6049.621846
61.20908162,6049.63745
64.67575474,6049.697211
65.58990511,6049.801793
66.17690552,6049.914343
65.443149,6049.920983
63.49384402,6049.936587
66.65727421,6049.967795
65.34186244,6049.98838
67.74191017,6050
67.73281846,6050.218792
67.43652344,6050.304449
67.77433709,6050.320385
67.65294985,6050.472444
63.18877072,6050.640106
68.63134423,6050.674303
68.40353774,6050.771248
72.10555051,6050.788845
69.89790548,6050.803121
65.94538043,6050.897078
66.50265116,6050.904714
68.52940574,6050.968127
68.52720598,6051.008632
66.9823591,6051.138778
68.62157081,6051.14575
68.59476762,6051.215803
68.83863031,6051.303453
73.21933208,6051.377158
68.54205948,6051.383466
66.45869385,6051.397078
63.50874736,6051.400398
63.33955521,6051.424303
67.27633369,6051.632802
67.77125679,6051.647078
68.81666844,6051.666667
67.38032633,6051.674303
70.27278046,6051.686255
53.15787179,6051.750664
52.04955597,6051.75996
53.31288163,6051.770584
53.94491795,6051.789509
54.32637134,6051.808101
63.45021775,6051.854914
65.16773674,6051.867198
67.34675404,6051.976096
66.2780603,6052.005312
67.32930869,6052.011952
58.73494514,6052.042829
55.72828084,6052.093625
61.93562988,6052.188911
66.13897247,6052.193891
64.85948486,6052.204515
66.23122938,6052.212483
55.24442817,6052.346946
48.63338356,6052.373838
53.95764374,6052.587981
54.21092013,6052.675299
67.18122803,6052.707503
69.13610306,6052.710823
58.8591554,6052.782205
54.44168727,6052.845286
58.99213679,6052.892762
66.22596179,6052.90571
72.72162012,6052.930943
72.99531904,6052.939243
51.62506714,6052.971448
50.59260382,6052.978088
51.83612318,6052.984396
51.33517233,6053.009628
50.55571655,6053.036853
51.26896101,6053.043493
54.65569661,6053.062085
66.94279175,6053.068061
66.00215929,6053.082669
65.27962511,6053.109562
61.56805334,6053.145418
64.18993652,6053.168991
64.83295112,6053.175631
64.77281592,6053.234396
66.02048842,6053.27988
66.1657979,6053.35259
65.79189802,6053.441567
66.36501704,6053.448539
70.3748291,6053.496016
63.36908103,6053.510292
64.14102652,6053.611886
62.55769741,6053.655046
63.94695095,6053.662019
73.53792318,6053.670983
71.75968628,6053.682935
73.37961587,6053.686919
69.20510485,6053.727092
62.66587109,6053.776228
62.35784116,6053.801129
70.63941908,6053.831673
70.63409137,6053.855246
71.57905273,6053.866534
69.30547852,6053.873506
68.25539551,6053.876826
65.01532557,6053.883798
65.83318569,6053.961155
68.5251416,6053.98672
67.14750977,6053.99004
58.87621373,6054.041833
59.03469164,6054.062749
57.70600803,6054.128486
64.89839055,6054.251992
71.55957265,6054.26494
71.03154829,6054.310093
73.00321759,6054.511288
62.76475648,6054.528884
63.65526123,6054.657703
65.08226624,6054.665671
63.22682899,6054.673639
67.00866986,6054.720784
67.84427916,6054.726428
69.94082367,6054.740704
66.25349414,6054.839641
59.58717485,6054.856242
60.24427932,6054.921979
64.99423596,6054.976096
64.70571477,6055.028552
65.9013192,6055.063081
68.3517334,6055.140438
70.71834249,6055.143758
70.76053485,6055.201859
69.8154478,6055.292165
68.78009295,6055.302457
66.91244531,6055.311753
63.71815809,6055.320053
68.09162109,6055.366202
68.4449271,6055.376162
69.28380249,6055.50332
68.6023752,6055.50996
68.37966329,6055.568725
70.22743213,6055.608234
64.27295712,6055.641434
65.31708984,6055.675299
65.3239349,6055.679615
65.54542316,6055.742696
65.56559781,6055.972776
65.50632499,6056.060425
64.85604422,6056.074369
65.47349025,6056.081341
65.93823986,6056.162019
65.82167929,6056.371182
65.81186868,6056.472444
53.87477583,6056.686255
48.59377962,6056.689907
52.76438018,6056.750664
60.8110152,6056.777888
60.92726256,6056.827025
57.17888779,6056.896414
56.03840673,6056.910027
68.63378289,6056.956839
70.16753654,6056.984396
69.34757399,6057.080677
71.9644043,6057.09595
68.26442719,6057.102922
69.17748675,6057.118858
68.65145128,6057.12583
68.28046975,6057.134794
66.00095318,6057.207503
69.69237957,6057.231076
65.22816256,6057.373506
62.95681152,6057.403718
60.8901785,6057.406707
65.92722982,6057.441235
71.8777002,6057.447211
73.77607389,6057.450531
75.14355469,6057.5
73.41797306,6057.506308
73.96427569,6057.517596
63.59055668,6057.536189
63.85352461,6057.580677
61.99240775,6057.663679
62.04598056,6057.710491
61.2252647,6057.820053
62.75792039,6057.826361
68.36440944,6057.846946
65.33154053,6057.86587
67.96638184,6057.87583
68.13272064,6057.88579
68.14378454,6058.024236
69.00201416,6058.037849
68.11226493,6058.053121
69.42896618,6058.064741
70.34985261,6058.068393
63.39996582,6058.095286
58.90098633,6058.130146
63.95390869,6058.136786
70.277371,6058.146746
67.07686198,6058.161023
61.94399607,6058.190903
64.70876268,6058.203519
68.16501912,6058.224104
64.85466797,6058.291169
62.18412205,6058.294489
63.42043762,6058.391102
60.64470215,6058.39907
56.88752441,6058.401062
53.11993177,6058.40405
50.26567069,6058.416335
53.71246559,6058.439575
64.31031908,6058.525564
65.3472616,6058.565737
61.00041128,6058.59595
63.92665212,6058.608898
52.6065094,6058.663347
48.11697356,6058.679283
52.02246094,6058.691899
61.59058573,6058.698539
69.76067505,6058.839309
66.99698181,6058.85259
69.29905599,6058.860558
68.85269043,6058.899402
68.89683513,6058.919323
68.51936133,6059.024236
73.94808904,6059.032537
74.36683044,6059.058101
67.57139648,6059.068725
64.80222443,6059.073705
58.62848772,6059.123838
55.94529285,6059.13081
59.2357605,6059.144422
52.11879883,6059.15239
52.36927734,6059.183267
66.75201737,6059.243028
64.83025613,6059.261952
60.06482215,6059.296149
65.34870071,6059.339309
51.87018492,6059.349934
52.27832304,6059.38081
60.57878675,6059.550133
65.33107438,6059.562749
65.79333411,6059.573041
64.70551627,6059.611222
61.72564594,6059.629814
64.696309,6059.688579
64.94137207,6059.800797
69.41929794,6059.810757
66.64655273,6059.869854
74.04094773,6059.886454
70.82759386,6059.934927
69.19369472,6060.072045
69.13260885,6060.112218
61.81673596,6060.165671
65.96737061,6060.372842
68.21248136,6060.378818
62.76911874,6060.397078
65.34536292,6060.425963
69.09786053,6060.441235
67.48469238,6060.457503
64.60900635,6060.478088
67.06009894,6060.481408
71.19813779,6060.567397
70.98310206,6060.617862
65.3691123,6060.632138
60.28216745,6060.640438
59.91949192,6060.653054
59.92567116,6060.688911
59.84299921,6060.707171
59.91154247,6060.807769
64.96805026,6060.875498
65.95237461,6060.897078
69.63236294,6060.985724
69.68055404,6060.995352
72.41274602,6061.070053
63.17413563,6061.083001
58.95534842,6061.182271
61.98564482,6061.196215
58.77299456,6061.25166
55.53508864,6061.265604
54.09872425,6061.26992
53.27967041,6061.305113
59.15319754,6061.315073
60.3816256,6061.361222
63.99645793,6061.425963
64.86656853,6061.449867
64.34323943,6061.461155
71.43839941,6061.476428
60.77919985,6061.526228
61.84892578,6061.551793
60.86258261,6061.558433
52.14890442,6061.615538
49.41553744,6061.652722
52.33555908,6061.842961
53.94440186,6061.846946
53.53927028,6061.853586
65.75061035,6061.900398
63.40890319,6061.931607
60.03703238,6061.959163
64.31844439,6061.963479
65.63712331,6062.000664
68.14510213,6062.064077
67.09633026,6062.099602
59.41248845,6062.115538
60.09141021,6062.189243
66.48203726,6062.201527
70.59158936,6062.223108
64.87873902,6062.226428
63.80045619,6062.345618
67.26969441,6062.380478
66.0422045,6062.39409
55.54580034,6062.431275
52.62737327,6062.449535
55.26583659,6062.478088
57.92256931,6062.481076
59.00007673,6062.5083
57.86853659,6062.515272
59.19722534,6062.552457
58.24900549,6062.559097
69.73266236,6062.570385
66.49827615,6062.694555
59.1032959,6062.702191
63.60673282,6062.710491
69.31919442,6062.75498
65.39197066,6062.794157
57.78369755,6062.830677
57.45537943,6062.886122
54.24786621,6062.939575
52.44893233,6062.942895
52.86421326,6062.983732
54.0053214,6062.997012
54.68741522,6063.166335
54.28399292,6063.220452
65.54830078,6063.240372
61.41868952,6063.247012
63.32610677,6063.276228
65.35826652,6063.279216
65.91318054,6063.340969
67.38205201,6063.346282
64.57391183,6063.381806
66.70891884,6063.398074
68.95040458,6063.429615
66.99238943,6063.438911
68.53931439,6063.536853
66.34486997,6063.60591
52.4173106,6063.727092
52.45737205,6063.797809
65.7225118,6064.211819
65.80959273,6064.247676
65.0601888,6064.329017
66.21332416,6064.332005
70.1212605,6064.364874
68.6166626,6064.38247
67.92509417,6064.416335
66.84243978,6064.430279
64.71594141,6064.433267
72.71189875,6064.449867
71.66225364,6064.486388
67.10764581,6064.49004
67.45087163,6064.518924
62.42128619,6064.534529
62.04641846,6064.551461
65.74157867,6064.571381
68.72261936,6064.576693
68.86751164,6064.683931
69.2372221,6064.727092
68.08078308,6064.7583
62.61410132,6064.763612
63.02745931,6064.783865
61.62146132,6064.798805
60.74774711,6064.816733
64.63328946,6064.842961
65.31708984,6064.875166
66.16245483,6064.87915
61.38329264,6064.89907
58.27084429,6064.908035
61.85556977,6064.970452
54.67988535,6064.999336
65.06085092,6065.0249
64.99332136,6065.057105
66.90175461,6065.109562
69.33767244,6065.177955
53.00097866,6065.204183
52.51433998,6065.215803
48.3977478,6065.250332
46.88651189,6065.254316
51.59392342,6065.346946
63.35321825,6065.356574
57.50281453,6065.376826
57.53968001,6065.394422
51.26013502,6065.449867
56.74783447,6065.472776
65.94328613,6065.479416
67.61277799,6065.509296
50.97880046,6065.523904
60.70190277,6065.550797
61.93431618,6065.561421
49.76076092,6065.568725
53.9010498,6065.583001
52.98076943,6065.602258
53.97828622,6065.608566
51.72140503,6065.627822
51.40436579,6065.631806
59.42300129,6065.704847
66.0194415,6065.742364
60.05672687,6065.801793
58.39810254,6065.862882
64.50690398,6065.879482
66.60792495,6065.899734
67.81661638,6065.934263
67.80581868,6066.086321
69.98775722,6066.113214
66.96859654,6066.141102
63.54172015,6066.14575
60.48478125,6066.148074
62.31041535,6066.164675
56.3132899,6066.185259
56.06865234,6066.227424
53.12956976,6066.244024
57.77225246,6066.326361
61.09649364,6066.411355
51.93178998,6066.430611
53.67977371,6066.464475
61.33478567,6066.485724
56.41546875,6066.548805
57.73745523,6066.555445
64.30265186,6066.641434
61.87519975,6066.658035
61.32462534,6066.661687
60.95980733,6066.687583
61.2816775,6066.711487
68.16849277,6066.853918
62.55283795,6066.982736
60.01404142,6067.047145
64.84503418,6067.183267
54.04555664,6067.198207
51.41140346,6067.211155
58.05583511,6067.222776
64.73103434,6067.278884
70.76476818,6067.284861
68.23985714,6067.326693
67.92306211,6067.336985
64.34278602,6067.386454
62.20971437,6067.418659
63.90978206,6067.468792
68.4641276,6067.534861
65.86129644,6067.585657
55.4975362,6067.616866
58.27238159,6067.693227
60.95378621,6067.695883
72.36022737,6067.707835
66.12564,6067.715471
61.80329204,6067.729416
62.93198217,6067.760956
62.80752456,6067.793161
68.86232422,6067.880146
62.41381614,6067.895086
64.72750195,6067.898738
66.90666504,6067.907039
65.13923528,6067.927291
66.59838379,6067.931607
59.71197621,6067.941567
59.16462729,6067.952523
50.73832065,6068.009628
51.85464655,6068.024236
49.72735237,6068.034529
51.76957397,6068.051461
49.62877512,6068.059429
54.39237305,6068.080013
52.47614519,6068.084993
55.39428711,6068.09927
61.64179932,6068.10923
59.1280685,6068.11919
61.53478049,6068.13081
60.2754069,6068.153718
61.25403931,6068.159695
54.74527395,6068.179615
59.61544513,6068.23008
68.60076685,6068.275232
70.06993556,6068.374834
65.39959197,6068.405046
55.70431996,6068.498672
60.13094978,6068.608234
59.83020907,6068.715471
66.21392608,6068.726428
57.02966457,6068.758632
65.35321655,6068.873506
66.57846307,6068.88413
68.96336698,6068.942895
56.85808784,6068.971448
56.134516,6068.989376
57.36921387,6069.038181
56.31867211,6069.044821
60.44339231,6069.065737
62.00948893,6069.171315
60.42515317,6069.177291
64.06699102,6069.303453
67.26294913,6069.324369
69.43209403,6069.343625
67.91098755,6069.350598
66.4525007,6069.363878
65.38865513,6069.38247
64.49862255,6069.417331
59.87078776,6069.456839
64.31933583,6069.50166
68.30356445,6069.574701
67.18349806,6069.596614
68.99933811,6069.683267
70.07639107,6069.701195
70.23988362,6069.777556
65.75431566,6069.99834
58.68482819,6070.050133
57.41256592,6070.066069
59.54404175,6070.069389
58.21367569,6070.076029
59.96477896,6070.086653
60.82590913,6070.095286
67.58603484,6070.116202
68.10190802,6070.141766
66.5785141,6070.161355
64.95582275,6070.177291
67.6467152,6070.180611
65.73747337,6070.191567
67.25059131,6070.202523
68.0248727,6070.219124
73.27459961,6070.233068
66.38540824,6070.262948
64.96098371,6070.272244
63.44497143,6070.290837
65.07624512,6070.313081
67.99779637,6070.318061
70.64069362,6070.432603
71.54609503,6070.500996
69.37532349,6070.507304
69.21877441,6070.511288
69.30839106,6070.524568
68.70490033,6070.567397
72.16078538,6070.863546
63.81130433,6070.876494
60.25935059,6070.916003
59.61591954,6070.922643
68.28237012,6071.031208
65.99243812,6071.039509
62.88270545,6071.055777
66.03962402,6071.060093
67.86191153,6071.072377
58.49850803,6071.097942
60.35487205,6071.106906
65.31708984,6071.126494
67.10897461,6071.151726
66.88838288,6071.223108
66.03962402,6071.469788
66.97110728,6071.476428
69.8941868,6071.500996
61.00436361,6071.516268
50.89834146,6071.531208
54.02607257,6071.591301
54.39570782,6071.62085
62.3461536,6071.638114
66.49537635,6071.668991
69.58516182,6071.681939
70.93840576,6071.724104
68.68590546,6071.727424
67.1471125,6071.738048
67.33744867,6071.89907
66.71880615,6071.98672
69.48732145,6071.99668
70.86888626,6072.074037
68.06271973,6072.123174
58.85040894,6072.186919
54.77901991,6072.213479
61.61055126,6072.252988
62.56242828,6072.369522
61.65586465,6072.380146
69.46180864,6072.421647
63.7418459,6072.436255
62.39975184,6072.5166
66.30130499,6072.544821
61.15704457,6072.74668
55.49453059,6072.88911
53.428341,6072.938247
52.90784903,6072.977424
59.44047852,6073.231076
67.72955119,6073.239044
62.89447524,6073.250996
63.10027687,6073.341301
62.97184963,6073.402722
61.70270881,6073.470784
65.3421884,6073.526892
51.81420109,6073.653054
52.86581231,6073.664343
53.1804046,6073.684595
55.18409535,6073.735392
64.87481135,6073.746348
59.21463723,6073.76826
59.18211781,6073.788513
54.53687988,6073.806773
61.81664234,6073.810093
71.5993344,6073.841301
72.51287342,6073.853918
68.82007483,6073.868526
64.3094084,6073.923639
65.20951253,6074.022908
68.016497,6074.052789
63.71494884,6074.151394
65.08587891,6074.166667
64.04777304,6074.173307
61.43638207,6074.197875
62.24303533,6074.239044
63.80934382,6074.242696
67.61474854,6074.297809
65.28679002,6074.301129
64.62345703,6074.321713
66.15359075,6074.331673
68.55704366,6074.396082
68.66123129,6074.517596
67.51804011,6074.646414
67.1297082,6074.65073
69.44780412,6074.666003
67.60511475,6074.701195
59.01327525,6074.711155
58.30402361,6074.731408
63.82385254,6074.779548
64.38240733,6074.808433
63.69567416,6074.824037
67.86638975,6074.863214
61.27089844,6074.959495
66.35616281,6074.982404
67.94193789,6075.00332
59.1245469,6075.159031
55.61218075,6075.170319
62.08374939,6075.22676
62.49735389,6075.248008
66.93877767,6075.260956
69.98947754,6075.281873
68.62897244,6075.286853
66.91896349,6075.376494
59.23293917,6075.407703
63.20249174,6075.465803
65.26913404,6075.551793
61.57776295,6075.701859
67.35676239,6075.7583
66.51071631,6075.891434
66.16419888,6075.908035
63.16250594,6075.975432
59.96273129,6076.012284
61.56651814,6076.0249
58.26033936,6076.083001
59.6287753,6076.086985
60.4894911,6076.090637
61.42961906,6076.099602
60.18497207,6076.140106
61.37325745,6076.162683
51.84877484,6076.170651
52.87103115,6076.205179
52.09471436,6076.249336
52.99217786,6076.289177
57.45322947,6076.327025
67.90215658,6076.341301
67.25348145,6076.380146
66.07704453,6076.434927
68.06386661,6076.555445
69.43304317,6076.63911
66.99765082,6076.648738
53.61752373,6076.657703
48.90485975,6076.683931
49.77603649,6076.719788
50.7764303,6076.72344
50.65690036,6076.776228
55.11129456,6076.858898
58.43412535,6076.861554
65.36155349,6076.963147
69.71535245,6076.967463
57.21413336,6076.985724
58.17363525,6077.040173
66.55680638,6077.050133
65.66664016,6077.062749
58.60454088,6077.234728
59.50639391,6077.292829
58.58276052,6077.299137
55.85012981,6077.36089
64.20757126,6077.401726
63.26240427,6077.421315
61.52028927,6077.492696
65.85447464,6077.533865
70.2761754,6077.576361
67.09469803,6077.61089
53.76152596,6077.666003
51.5516964,6077.762284
52.82013867,6077.891102
57.43766447,6077.899402
57.24176687,6077.918327
69.90953759,6078.013944
66.53398951,6078.154382
64.54200772,6078.160691
66.54386064,6078.164343
66.70887015,6078.211155
65.6778445,6078.470452
61.88348176,6078.517264
58.08757958,6078.532537
56.26132813,6078.567065
58.30513897,6078.593958
63.75378862,6078.658035
65.76703158,6078.661687
73.39592514,6078.676295
73.50045844,6078.750664
73.62667081,6078.840305
73.77652002,6078.895086
73.19928089,6078.961487
74.35301729,6078.968792
63.72751465,6079.013944
51.94603905,6079.022244
51.9272178,6079.056773
49.62072074,6079.071381
56.40101807,6079.09761
54.42798887,6079.10093
64.16316026,6079.133798
64.78429942,6079.156375
66.02356771,6079.194555
69.02692913,6079.206507
66.96895247,6079.225764
68.484198,6079.24502
69.19092674,6079.249004
74.10698051,6079.312749
74.03022376,6079.372178
65.83218679,6079.410359
64.71362675,6079.430943
70.22156428,6079.732736
67.58584717,6079.743692
64.51363184,6079.747012
62.52329102,6079.771912
66.98163104,6079.778884
64.90359999,6079.876162
62.67467913,6079.909695
64.55842896,6079.916667
62.53533325,6079.923307
60.70086963,6079.925963
65.15652669,6080.015936
70.53125403,6080.036853
60.74541903,6080.069057
58.30193981,6080.072709
60.84211586,6080.105578
66.48518677,6080.12583
66.87158245,6080.137782
68.30115601,6080.195219
67.00988421,6080.201859
60.19157304,6080.222776
55.39116685,6080.260292
60.34549889,6080.342297
62.37878418,6080.359562
64.35120615,6080.361554
66.92437421,6080.444555
68.22241731,6080.512284
67.12898325,6080.635458
59.11164889,6080.64409
64.37102165,6080.701527
63.1521267,6080.722776
64.9124707,6080.795485
65.26984722,6080.812085
70.96161444,6080.829349
72.18973699,6080.840305
71.08732808,6080.859894
67.89968637,6080.883798
66.71377706,6080.896746
56.39353651,6080.972112
60.65905034,6081.018924
59.87640747,6081.034529
60.80826483,6081.041169
68.76116943,6081.131806
65.99976007,6081.13579
68.55404297,6081.145418
67.50533622,6081.155378
69.88547641,6081.24834
69.21376675,6081.262948
65.36229272,6081.330013
67.2472883,6081.464807
67.06258031,6081.488048
67.91317195,6081.639442
71.48761575,6081.667995
64.45004883,6081.782205
62.79544556,6081.791169
68.77211692,6081.797809
64.85948486,6081.805113
64.61459233,6081.836985
64.64455613,6081.916003
62.96193588,6082.00332
65.05073045,6082.018924
65.40983304,6082.158699
67.67048689,6082.180943
69.4959648,6082.183267
66.85965679,6082.219788
69.26159125,6082.2749
70.56379958,6082.283865
67.76343653,6082.288181
63.74815848,6082.353586
62.0950253,6082.35591
62.14564648,6082.410691
61.91578715,6082.435591
58.52629343,6082.48008
57.76660767,6082.526892
58.46038793,6082.533533
59.08444718,6082.549801
60.50019531,6082.557437
64.6322531,6082.567397
65.14962398,6082.575033
70.61583711,6082.646082
66.60920939,6082.744024
66.58364976,6082.840637
55.95304688,6082.851926
59.36585057,6082.896746
68.37749818,6082.920319
67.94711426,6082.963147
70.50557338,6082.973108
69.91106298,6082.98008
70.34948366,6082.994356
62.58292876,6083.121182
59.93162973,6083.163015
63.05061421,6083.181607
62.55540365,6083.187915
62.61292714,6083.199867
59.72414008,6083.238048
61.38443952,6083.247012
62.17676219,6083.25166
60.14374512,6083.273904
61.68377511,6083.277224
59.09015891,6083.291169
62.92992653,6083.294821
60.31715332,6083.337649
61.13380221,6083.34761
64.55057532,6083.360558
67.55138785,6083.368194
71.86676454,6083.37251
72.60216113,6083.384794
65.26424779,6083.409695
68.14568869,6083.454183
59.24942641,6083.61089
58.77878932,6083.640438
56.12645508,6083.678287
58.99250732,6083.684927
55.35777194,6083.694887
55.43168142,6083.715471
61.8296582,6083.740704
66.78197628,6083.750664
70.1764018,6083.808765
69.33298143,6083.964475
65.6970893,6084.005644
67.55053278,6084.032537
71.47988138,6084.144754
66.0575628,6084.161687
54.78326404,6084.209827
52.90487502,6084.276228
57.0312291,6084.291833
66.22908854,6084.690571
56.46954228,6084.839973
57.88155629,6084.850266
57.91487168,6084.864874
65.0002864,6084.906375
56.69991905,6084.923639
59.29232865,6084.936255
68.07263686,6085.054781
64.15690639,6085.088645
63.35066349,6085.100266
71.94031982,6085.184927
70.36708766,6085.190903
72.00470892,6085.209495
59.6569486,6085.2583
51.65039736,6085.285857
49.47168221,6085.430279
55.88199768,6085.48174
63.08656806,6085.513612
60.53502517,6085.583001
62.97445086,6085.604582
58.7090588,6085.746016
52.91302632,6085.780212
63.62896844,6085.794489
63.34307193,6086.026228
63.64128434,6086.061421
59.84782025,6086.162683
62.67467913,6086.177955
65.78539903,6086.180279
59.9824151,6086.216135
62.32762544,6086.327357
64.58605526,6086.47178
65.43847559,6086.488712
66.39040271,6086.505312
66.2889492,6086.546481
64.83977939,6086.593625
68.53300825,6086.604582
67.22968032,6086.716799
68.66557782,6086.722444
66.3755555,6086.840305
68.70497233,6086.86587
65.5447504,6086.904714
67.35989102,6087.058765
68.91322818,6087.066069
70.9860395,6087.144422
70.04667816,6087.234064
59.59314958,6087.297809
62.65441759,6087.317397
67.28176789,6087.335325
65.31708984,6087.382138
63.24404504,6087.384462
62.24391113,6087.537185
60.00413287,6087.557105
64.19716187,6087.598274
71.49753606,6087.612882
64.12721441,6087.617198
63.5768257,6087.726428
66.53150306,6087.788513
66.65893903,6087.805777
56.13240536,6087.822045
60.14165945,6087.844622
68.10125488,6087.909031
65.00640015,6087.923971
68.07727825,6087.937251
70.7806901,6088.026228
70.38546764,6088.111222
54.29184655,6088.165339
54.55133057,6088.203519
52.91358643,6088.222112
54.26447371,6088.228088
49.17795796,6088.272576
53.15612724,6088.316733
61.95371036,6088.340305
55.37266024,6088.410359
59.99201294,6088.426627
64.62345703,6088.433267
61.7353847,6088.436587
66.29010254,6088.47842
65.40455451,6088.48838
63.89379649,6088.500996
54.7835737,6088.525232
54.76874175,6088.562417
54.28984201,6088.636122
55.65921631,6088.650066
53.9076183,6088.656042
55.45029751,6088.670651
58.43400108,6088.684927
64.9991748,6088.691235
68.28567313,6088.694555
67.01504517,6088.706175
68.15164701,6088.715471
67.58978826,6088.719788
51.68031975,6088.734396
53.51856788,6088.756972
62.76366808,6088.834993
65.36379022,6088.86919
70.99299723,6088.978088
63.43918584,6088.984064
60.30366602,6089.054117
64.79927368,6089.178619
66.83802429,6089.182603
69.25555797,6089.195883
66.87294678,6089.214143
67.88931152,6089.224104
66.89881642,6089.230744
67.14028442,6089.334661
66.64332034,6089.394422
68.80402103,6089.444887
70.41288625,6089.470452
66.59638196,6089.557437
67.09452393,6089.63413
65.30395286,6089.64077
63.64765561,6089.644422
62.73661063,6089.657039
63.73554281,6089.666335
60.82705601,6089.732072
51.45280272,6089.73672
51.74247894,6089.822709
53.2435437,6089.838645
61.81360189,6089.845286
59.20591669,6089.860226
55.62813957,6089.906042
51.67779261,6089.926627
58.99599741,6089.975764
71.31597619,6090.031208
72.25341797,6090.044157
68.64539787,6090.058433
62.93467985,6090.202855
58.98578485,6090.215139
61.91562124,6090.245352
65.81309979,6090.249668
70.08870557,6090.261952
65.06285054,6090.278552
63.5726859,6090.340637
65.50065258,6090.35923
60.55371636,6090.371514
67.90319919,6090.398406
67.36943098,6090.423971
66.48201776,6090.451859
56.31065777,6090.527556
54.84034424,6090.555113
60.40385742,6090.589641
59.02072056,6090.633466
55.82361901,6090.63579
58.72176727,6090.658699
67.730354,6090.784197
58.98452316,6090.790837
58.56777057,6090.952523
63.72751465,6090.997676
66.8994397,6091.00498
61.99343262,6091.038181
57.18028456,6091.040505
59.65900105,6091.130146
69.17562307,6091.170983
66.12708869,6091.218792
65.61743739,6091.231408
63.42344818,6091.24834
62.71206121,6091.264276
52.36308419,6091.27656
49.77417542,6091.281208
51.92821735,6091.321049
57.29093933,6091.343958
61.94877814,6091.407703
65.06842206,6091.48506
55.43385446,6091.666999
59.5416333,6091.685591
71.66427471,6091.755312
66.80308049,6091.781208
65.15853373,6091.856242
66.76369225,6091.880146
65.10457979,6092.505644
61.57180191,6092.590305
63.1494873,6092.642762
64.00919295,6092.655378
51.75585742,6092.786189
50.93865967,6092.848274
64.96508601,6092.864874
64.52711914,6092.877822
65.93390586,6092.887782
53.56007436,6092.950863
57.45865378,6093.077357
63.00397695,6093.214143
69.13540509,6093.261952
68.48018392,6093.296481
66.24503412,6093.308433
60.67601196,6093.395086
61.64410824,6093.415007
62.30134334,6093.495352
50.42869714,6093.538513
46.5022998,6093.561421
49.11168039,6093.564741
50.1616393,6093.571713
49.6655748,6093.612218
52.30244293,6093.63579
53.57952209,6093.651726
62.72528982,6093.665007
68.61134161,6093.675299
67.15729408,6093.732404
63.09486716,6093.753652
66.5577339,6093.865206
62.97313998,6093.878818
59.93872604,6093.956839
63.88515847,6093.967463
65.55573599,6093.971116
69.82570312,6094.051129
71.66633064,6094.054449
66.67345104,6094.160359
61.57596842,6094.294489
65.37162073,6094.300465
68.63645805,6094.37085
69.08853986,6094.516268
63.21970542,6094.543161
60.91973129,6094.590305
52.48100777,6094.621182
50.98381805,6094.680611
53.10319691,6094.685923
64.92607135,6094.740704
68.76748034,6094.808433
63.20686502,6094.932603
68.09095669,6094.955179
67.72725743,6094.984064
65.72652588,6094.99336
55.82303166,6095.005312
56.56831528,6095.12251
56.59752367,6095.189243
66.88573473,6095.270252
69.65937859,6095.653054
63.03758714,6095.720784
58.03424908,6095.785525
65.4754535,6096.00664
65.1611282,6096.030876
72.27290204,6096.085325
69.14019882,6096.144422
54.51964047,6096.197543
49.9415625,6096.216467
52.60671702,6096.219788
60.82721729,6096.2583
66.89678423,6096.343293
68.16562611,6096.382138
71.44257406,6096.425963
72.63001154,6096.503652
63.88219802,6096.514608
62.02333058,6096.538181
61.8837714,6096.547809
63.4144165,6096.594622
61.88731041,6096.598606
65.75698565,6096.619854
61.56554225,6096.64243
54.57246592,6096.667995
59.40134125,6096.716799
50.69674635,6096.727424
54.78414714,6096.824701
54.61820341,6096.833665
54.42746756,6096.896082
68.12065565,6096.90073
62.96912539,6096.972776
65.08039761,6097.016932
64.58695004,6097.036189
65.50575155,6097.042497
62.76220898,6097.054449
66.80602635,6097.087649
66.58275498,6097.124834
71.88900943,6097.232072
70.16947728,6097.247344
71.85663649,6097.253652
70.07044236,6097.27324
65.16590412,6097.288845
64.46279943,6097.446879
56.50536385,6097.458167
60.15097046,6097.563413
52.27400987,6097.596614
52.52823486,6097.605578
48.73169958,6097.646082
50.05716797,6097.686919
52.69936138,6097.691899
61.33553966,6097.698207
61.46158787,6097.890438
55.27517844,6097.954847
58.03081143,6098.009628
63.75293715,6098.037185
60.63667399,6098.108898
63.98079007,6098.114874
58.61290927,6098.14575
63.16497018,6098.217463
64.90163269,6098.22676
66.21868684,6098.234728
66.15404426,6098.25
58.70174593,6098.355246
59.22313084,6098.392762
63.85092269,6098.419987
57.5416506,6098.540505
58.0931243,6098.580013
50.76765991,6098.614874
49.54077721,6098.654714
56.39707697,6098.687251
59.61664885,6098.698207
61.76011429,6098.745684
52.25221641,6098.777556
55.41641879,6098.823705
67.11240359,6098.848274
66.3885401,6098.867862
64.81854126,6098.945551
66.75539067,6098.952191
66.53695274,6099.072709
65.10668789,6099.098274
68.2835698,6099.139774
68.10653297,6099.157371
69.07426758,6099.219788
70.19782274,6099.223772
66.11765771,6099.38911
63.17894986,6099.40571
68.96048267,6099.474104
67.87366286,6099.516268
60.76973643,6099.772576
56.27050316,6099.788181
60.90427924,6099.830013
54.73597819,6099.847942
60.59416181,6099.856906
60.74529024,6099.964807
60.13348979,6099.998672
64.57112212,6100.008964
66.88813852,6100.033533
69.25270211,6100.046481
67.40863615,6100.161023
68.11595909,6100.167331
66.85247498,6100.173639
69.81645469,6100.184263
65.31929046,6100.267264
61.71646118,6100.332669
63.85773883,6100.336653
65.04328742,6100.393758
63.97827651,6100.400066
59.97362116,6100.433931
51.98678024,6100.463147
47.44140657,6100.516932
49.18790377,6100.568061
50.83656245,6100.572377
61.95730591,6100.602922
51.59797211,6100.622842
53.04029169,6100.628154
66.01183425,6100.651062
69.24504838,6100.668327
68.28464094,6100.671979
65.87447335,6100.681275
63.4144165,6100.683599
68.66546534,6100.695551
70.43796316,6100.720784
66.78877788,6100.75498
62.08977051,6100.818061
58.3704398,6100.822045
53.26583248,6100.826693
47.52013671,6100.920651
50.79866867,6101.056441
60.71539164,6101.067065
67.30174302,6101.092629
67.50216024,6101.196215
57.30704232,6101.226428
54.18121612,6101.312085
58.4484993,6101.328353
63.53045987,6101.338977
63.87764119,6101.349934
65.10193522,6101.409695
66.4959614,6101.439575
64.9944936,6101.445883
51.46691243,6101.493028
51.51601175,6101.507968
61.19014462,6101.543493
62.36915039,6101.554781
61.72938609,6101.561421
61.23649205,6101.624834
61.81313671,6101.652722
61.70702267,6101.723772
64.49340088,6101.760624
67.5035411,6101.763944
67.11442403,6101.779216
70.28651937,6101.877822
71.04168175,6101.883798
54.41238169,6101.919987
46.43333714,6101.945883
51.61990618,6102.281208
52.74499512,6102.295153
51.54147468,6102.301793
53.02497711,6102.347278
52.19358745,6102.357902
51.56380881,6102.370518
55.36207022,6102.416335
56.31668647,6102.467463
66.24105779,6102.489708
65.92012799,6102.500664
66.07350838,6102.517928
65.52662476,6102.566069
66.46000755,6102.572709
65.2689209,6102.583665
55.5976671,6102.631474
65.73190947,6102.649402
68.74882863,6102.677623
67.41799692,6102.757968
66.48120066,6102.762284
52.20250224,6102.85757
52.4505894,6102.877822
52.27295741,6102.922311
52.7663158,6103.278552
63.20088907,6103.298805
67.00179871,6103.397742
67.1398881,6103.557105
55.28436311,6103.609562
65.60885603,6103.648406
64.78345918,6103.683267
62.0772047,6103.73838
64.94270511,6103.761288
67.28504478,6104.099602
69.95484691,6104.175299
71.89553776,6104.338313
63.69861328,6104.38081
68.0306071,6104.38413
66.21243632,6104.390106
68.57990209,6104.422311
65.56704761,6104.428619
66.56738812,6104.440903
65.14183687,6104.456175
66.41121303,6104.47178
65.19808421,6104.478752
65.95204412,6104.49004
64.46975431,6104.500996
65.68292993,6104.5083
66.07603519,6104.534529
55.12550439,6104.576693
49.1482698,6104.626494
49.03753632,6104.674635
48.04852295,6104.808765
49.10353253,6104.815405
52.91840332,6104.990372
64.17566876,6104.993692
68.72900873,6105.01992
72.16841395,6105.075365
67.62919922,6105.086653
63.37333123,6105.091633
59.83931738,6105.108566
67.36281915,6105.133466
66.29600712,6105.161023
61.5451853,6105.171315
61.0193495,6105.22344
58.39280396,6105.232404
60.44927386,6105.252324
66.05289506,6105.263944
69.81285807,6105.296481
65.52180786,6105.299469
66.05407471,6105.307437
65.46400513,6105.330677
66.48700135,6105.350598
71.41206706,6105.374834
63.94983286,6105.389774
62.01893382,6105.402722
64.02977478,6105.408367
60.95049377,6105.448207
65.25537338,6105.536853
66.31196383,6105.600598
69.57261358,6105.617862
53.6355605,6105.653386
53.29480515,6105.696215
53.90827515,6105.752324
52.97981873,6105.758964
47.66610852,6105.814741
48.06297363,6105.828353
47.5591364,6105.834993
48.9001657,6105.899402
51.56656518,6105.939907
51.34526224,6105.991368
52.23199585,6106.109894
51.27442555,6106.116534
52.13929625,6106.127822
51.50547527,6106.143426
52.51275199,6106.181939
58.91174033,6106.209827
57.86870489,6106.224104
59.47731359,6106.239376
58.66977539,6106.250664
58.22555067,6106.25498
57.24535086,6106.263944
58.51804321,6106.270916
57.24535086,6106.277556
58.2322408,6106.284529
59.559754,6106.296481
57.71025,6106.317397
59.39230957,6106.325697
58.76611328,6106.337317
58.23625488,6106.339309
64.75219949,6106.351926
65.4838285,6106.355578
66.00108887,6106.368526
67.11519389,6106.373506
67.58103027,6106.583333
67.03067091,6106.590305
67.22406398,6106.686255
69.68294789,6106.72344
55.57697665,6106.734396
49.7309954,6106.76162
52.09236465,6106.766268
58.178138,6106.847942
58.57707289,6106.878486
65.49729837,6106.896082
55.67982467,6106.980744
55.74525786,6107.012948
56.43714478,6107.102258
55.5367442,6107.108898
58.66548311,6107.124502
62.41027926,6107.158035
58.43743107,6107.166667
65.65636676,6107.183599
56.04211027,6107.191235
52.16696777,6107.207503
57.86648739,6107.218459
57.2475992,6107.229748
58.07276175,6107.26328
70.14079987,6107.308765
71.64274908,6107.482404
58.34537229,6107.623506
51.38493078,6107.639774
52.75037424,6107.656707
60.21337114,6108.182935
58.45668904,6108.234064
60.27447714,6108.253652
61.06001928,6108.402722
57.04923444,6108.459827
56.6242913,6108.473772
63.18857522,6108.520916
64.44202067,6108.561421
63.29269618,6108.567397
67.49534025,6108.678287
66.53120531,6108.709827
67.9970348,6108.784197
67.81282069,6108.824369
66.23103884,6108.868526
65.99760431,6108.931939
63.58300781,6109.025564
63.06691197,6109.02822
66.362863,6109.044489
57.61693987,6109.094954
58.15507127,6109.10425
65.79839084,6109.163347
56.81988292,6109.204515
67.2125801,6109.251328
65.09351323,6109.308101
68.06189042,6109.325697
70.52890593,6109.557105
67.01292007,6109.607238
65.05216064,6109.65239
67.57257847,6109.660359
69.11842244,6109.912019
70.08427812,6109.923971
69.90568225,6110.080013
53.51810669,6110.199867
53.48262703,6110.252988
47.39101685,6110.297477
46.85846665,6110.310757
47.36773519,6110.322045
54.28640137,6110.351926
66.92543216,6110.384794
67.66360561,6110.589309
66.7664084,6110.596282
68.0889937,6110.60757
66.96891414,6110.614874
68.21105686,6110.636454
68.26637837,6110.774236
68.50324663,6110.959163
68.02880486,6111.013944
68.23985714,6111.046481
62.10249438,6111.190571
68.84526098,6111.208167
69.04330183,6111.247344
68.89631009,6111.270584
70.74091309,6111.306441
70.14361816,6111.316401
67.78791984,6111.321381
67.30077459,6111.422643
63.03618081,6111.426295
62.69932662,6111.455511
59.15653526,6111.510292
64.95505682,6111.567065
66.72390639,6111.661023
65.80654848,6111.672311
66.93419015,6111.692895
66.05407471,6111.699867
66.9395075,6111.706507
66.15703583,6111.713811
65.39140765,6111.745684
65.98307787,6111.757304
58.83117264,6111.76494
64.78063296,6111.790505
61.21263876,6111.814741
61.37870512,6111.898738
60.37495605,6111.940571
61.5830332,6111.947211
61.34972035,6111.972112
60.82861994,6111.98672
61.72609497,6111.997676
61.63698242,6112.037517
59.16350708,6112.042497
59.53581981,6112.058433
63.64597151,6112.154714
66.84391865,6112.201195
59.60144058,6112.25166
59.27921726,6112.305113
63.32867578,6112.312749
59.2400957,6112.337649
60.78920898,6112.38745
62.09763483,6112.390438
64.95794785,6112.439243
59.68132324,6112.461819
54.94550515,6112.463811
54.92392095,6112.497344
54.06740515,6112.675299
52.74098104,6112.800465
60.95998979,6112.812417
60.59260104,6112.823373
62.64371338,6112.839641
63.34512733,6112.843625
63.23126249,6112.929947
68.19277588,6112.972776
69.5552762,6112.979416
67.1630076,6113.073373
66.91967065,6113.111554
67.28751483,6113.144754
67.10694644,6113.251328
58.33843575,6113.289177
58.37617875,6113.401394
58.74546945,6113.736388
55.81710341,6113.74336
54.80676166,6113.752324
60.01315375,6113.775896
72.69780365,6113.784861
66.15375319,6113.829017
62.22332986,6113.998008
67.00902405,6114.005312
70.670466,6114.01328
66.70710798,6114.252324
67.01277146,6114.301129
64.36391893,6114.491036
65.51414462,6114.541169
64.36334473,6114.563081
60.44842495,6114.566401
60.52613244,6114.601926
58.94674683,6114.632138
64.80238572,6114.640106
70.92096528,6114.669655
71.03155871,6114.717795
70.89482614,6114.900066
71.23326852,6114.942231
71.05387093,6114.97012
71.1696167,6115.004316
57.9988508,6115.137118
57.00343094,6115.146414
58.80647105,6115.157039
48.85294434,6115.169323
50.10946568,6115.184263
53.66152478,6115.191235
49.94596053,6115.239708
53.3808252,6115.25498
55.29860907,6115.2583
55.87796291,6115.282537
57.42479342,6115.314741
63.52038818,6115.366534
62.03329657,6115.386454
61.47585258,6115.396082
61.50433256,6115.446879
61.45028623,6115.455511
60.84640961,6115.465139
66.73230142,6115.693559
66.61447539,6115.733732
71.18603793,6115.824369
65.80241469,6115.838977
66.0738203,6115.856574
66.12632812,6115.900066
65.65923103,6116.042829
65.6920265,6116.087981
68.47889941,6116.124834
55.39814062,6116.158035
55.05355105,6116.166335
54.50871958,6116.247344
55.65577567,6116.27324
52.09806124,6116.284861
58.07899744,6116.406707
61.10125998,6116.429283
61.41540527,6116.444555
61.10011763,6116.469456
67.77256821,6116.487716
67.23283761,6116.52988
68.63386579,6116.541501
68.01873939,6116.548473
68.1156266,6116.571381
68.00283401,6116.632138
68.03277687,6116.668991
64.91969604,6116.705843
59.19680032,6116.711155
60.96689443,6116.716799
51.17147624,6116.796813
58.32275545,6116.964807
62.67582601,6117.011952
55.70032289,6117.017928
59.74583522,6117.106242
60.23156081,6117.124834
61.66829224,6117.133466
59.69446023,6117.140106
68.30549121,6117.143758
64.63396662,6117.168659
65.11906196,6117.175963
69.80694259,6117.220784
66.66660997,6117.258632
63.63826043,6117.319389
66.67034447,6117.330677
64.04685692,6117.39077
71.0072811,6117.471448
69.24648061,6117.497012
66.73957901,6117.585325
70.19894907,6117.59595
76.10065069,6117.646414
63.90156156,6117.669323
63.6802215,6117.789509
51.48593299,6117.826029
49.94517517,6117.89077
49.06782331,6117.893426
56.1310793,6117.970784
56.13332673,6118.012284
60.06708827,6118.059761
65.08662636,6118.137118
65.81254185,6118.175631
60.20179278,6118.217463
55.06540948,6118.25664
55.88038058,6118.314409
70.71921135,6118.37251
72.05903709,6118.65239
69.21194732,6118.727424
66.83441162,6118.769588
66.94066665,6118.772908
68.06271973,6118.778552
63.56471581,6118.787849
67.13787598,6118.814077
63.843248,6118.817397
67.13911968,6118.89243
66.71171714,6119.054449
64.16103516,6119.089641
64.34568278,6119.128486
60.32545478,6119.15239
58.90821167,6119.214807
63.42989938,6119.221448
72.79015765,6119.249336
67.34537297,6119.260956
64.1429718,6119.325697
64.5346007,6119.341633
53.53349981,6119.372842
56.64886919,6119.388114
51.90077097,6119.410027
57.08598047,6119.416335
50.07864329,6119.432935
53.10040382,6119.480744
60.14004843,6119.493028
58.131612,6119.52158
60.41906867,6119.531208
57.964864,6119.562749
63.76852335,6119.576361
57.293819,6119.625498
57.91927215,6119.633134
62.13793945,6119.643426
63.56770709,6119.651394
58.59752197,6119.707835
63.71848297,6119.711155
58.26458956,6119.72178
63.45576909,6119.738712
57.83886108,6119.791501
63.49168752,6119.803453
58.65907118,6119.851262
63.3696882,6119.860226
57.65822754,6119.888114
60.23433979,6119.894754
63.23568436,6119.912019
58.04658966,6119.930943
67.36694607,6119.965471
65.87622741,6119.9834
68.83737113,6120.034197
67.5582595,6120.074701
66.29528996,6120.092961
67.88732593,6120.136122
64.53195342,6120.179615
61.91666336,6120.27158
66.21402883,6120.292829
63.71399962,6120.302457
63.79073639,6120.348606
61.52948962,6120.396414
62.16520489,6120.402722
67.23481598,6120.420319
66.37841995,6120.436255
71.03887242,6120.505644
72.2245166,6120.519588
69.97314908,6120.522908
58.94877374,6120.542497
57.29005984,6120.576029
61.27394069,6120.694223
64.0681379,6120.725764
66.87990451,6120.730412
68.72931578,6120.766268
72.69950429,6120.77656
71.68079275,6120.822377
71.01788452,6120.857902
71.64760085,6120.864542
67.22458008,6120.933599
60.31413377,6120.956839
59.62574369,6121.068061
59.23722906,6121.076693
58.51804321,6121.090305
59.60966696,6121.096946
62.5557527,6121.217463
60.78891527,6121.232736
61.93090562,6121.341633
61.33110962,6121.410691
60.66115008,6121.414675
60.20952064,6121.428287
66.71652447,6121.457171
65.97377281,6121.463479
67.77092708,6121.489708
63.27176232,6121.506972
53.00992432,6121.511288
50.76318708,6121.517264
51.91790221,6121.524236
58.32821378,6121.897742
66.97131283,6121.901394
68.53236694,6121.914011
67.1195197,6121.920651
68.343233,6122.018924
69.48852051,6122.024568
70.34082749,6122.029548
66.91980202,6122.040837
65.86358842,6122.044489
55.41988739,6122.062749
61.96382056,6122.157703
68.20061889,6122.198207
71.15038797,6122.365206
65.26712019,6122.447543
64.59003983,6122.483068
65.98862161,6122.493692
68.8857804,6122.50498
68.89253928,6122.535525
65.82096236,6122.557437
65.89167655,6122.582669
55.75870063,6122.624502
58.29002487,6122.764276
61.99343262,6122.778552
64.13695068,6122.781873
65.08536586,6122.785857
62.70151611,6122.841965
60.49385729,6122.845286
60.8102829,6122.883134
59.04195846,6122.89907
63.75862376,6122.945219
67.39310354,6122.993028
60.37758345,6123.0166
63.41720523,6123.020252
56.88011381,6123.051793
50.5624436,6123.056109
49.03316793,6123.075365
58.77699014,6123.137782
60.67801525,6123.148074
62.73952769,6123.183599
68.41303933,6123.214143
64.95111987,6123.2251
65.45746791,6123.281208
68.64401109,6123.292829
65.62725086,6123.454515
65.18878938,6123.468127
61.73069292,6123.503652
65.21497168,6123.510956
68.84395981,6123.535857
65.14827345,6123.578353
54.66325253,6123.613878
51.56941248,6123.63081
54.13525054,6123.643094
53.80278516,6123.662351
61.13567718,6123.670651
63.76704152,6124.083997
59.83148118,6124.196879
65.03662228,6124.256308
69.95612981,6124.318061
63.80244412,6124.343958
66.23267612,6124.352922
70.8491885,6124.437915
66.43026888,6124.453187
62.89660034,6124.4834
54.94544012,6124.486056
47.66761415,6124.49336
52.69641092,6124.527556
61.32057266,6124.566069
59.51819896,6124.640438
54.76180791,6124.694555
49.24760495,6124.702191
51.05736171,6124.73174
51.6667518,6124.741036
58.19855745,6124.7583
62.84225849,6124.765936
62.92028999,6124.805445
63.12321333,6124.967463
58.78267136,6124.974768
54.47810075,6124.985392
49.57207347,6125.034529
49.7195754,6125.111554
48.36745975,6125.127158
52.92201599,6125.225764
53.06719184,6125.239044
58.61197266,6125.283865
60.46005452,6125.287185
55.55870995,6125.299137
61.87137345,6125.333665
64.21513961,6125.367862
65.14005564,6125.437915
60.0996325,6125.527888
62.96885376,6125.534197
62.82363856,6125.570053
54.74082538,6125.586985
56.03118761,6125.604582
62.38360107,6125.62251